{
  "ABIRoot": {
    "kind": "Root",
    "name": "AromaTrackingSDK",
    "printedName": "AromaTrackingSDK",
    "children": [
      {
        "kind": "Import",
        "name": "Foundation",
        "printedName": "Foundation",
        "declKind": "Import",
        "moduleName": "AromaTrackingSDK",
        "declAttributes": [
          "RawDocComment"
        ]
      },
      {
        "kind": "Import",
        "name": "OSLog",
        "printedName": "OSLog",
        "declKind": "Import",
        "moduleName": "AromaTrackingSDK"
      },
      {
        "kind": "Import",
        "name": "Foundation",
        "printedName": "Foundation",
        "declKind": "Import",
        "moduleName": "AromaTrackingSDK",
        "declAttributes": [
          "RawDocComment"
        ]
      },
      {
        "kind": "TypeDecl",
        "name": "ATError",
        "printedName": "ATError",
        "children": [
          {
            "kind": "Var",
            "name": "requestAttributionTokenCalledMoreThanOnce",
            "printedName": "requestAttributionTokenCalledMoreThanOnce",
            "children": [
              {
                "kind": "TypeFunc",
                "name": "Function",
                "printedName": "(AromaTrackingSDK.ATError.Type) -> AromaTrackingSDK.ATError",
                "children": [
                  {
                    "kind": "TypeNominal",
                    "name": "ATError",
                    "printedName": "AromaTrackingSDK.ATError",
                    "usr": "s:16AromaTrackingSDK7ATErrorO"
                  },
                  {
                    "kind": "TypeNominal",
                    "name": "Metatype",
                    "printedName": "AromaTrackingSDK.ATError.Type",
                    "children": [
                      {
                        "kind": "TypeNominal",
                        "name": "ATError",
                        "printedName": "AromaTrackingSDK.ATError",
                        "usr": "s:16AromaTrackingSDK7ATErrorO"
                      }
                    ]
                  }
                ]
              }
            ],
            "declKind": "EnumElement",
            "usr": "s:16AromaTrackingSDK7ATErrorO41requestAttributionTokenCalledMoreThanOnceyA2CmF",
            "mangledName": "$s16AromaTrackingSDK7ATErrorO41requestAttributionTokenCalledMoreThanOnceyA2CmF",
            "moduleName": "AromaTrackingSDK",
            "declAttributes": [
              "RawDocComment"
            ]
          },
          {
            "kind": "Var",
            "name": "noAttributionToken",
            "printedName": "noAttributionToken",
            "children": [
              {
                "kind": "TypeFunc",
                "name": "Function",
                "printedName": "(AromaTrackingSDK.ATError.Type) -> AromaTrackingSDK.ATError",
                "children": [
                  {
                    "kind": "TypeNominal",
                    "name": "ATError",
                    "printedName": "AromaTrackingSDK.ATError",
                    "usr": "s:16AromaTrackingSDK7ATErrorO"
                  },
                  {
                    "kind": "TypeNominal",
                    "name": "Metatype",
                    "printedName": "AromaTrackingSDK.ATError.Type",
                    "children": [
                      {
                        "kind": "TypeNominal",
                        "name": "ATError",
                        "printedName": "AromaTrackingSDK.ATError",
                        "usr": "s:16AromaTrackingSDK7ATErrorO"
                      }
                    ]
                  }
                ]
              }
            ],
            "declKind": "EnumElement",
            "usr": "s:16AromaTrackingSDK7ATErrorO18noAttributionTokenyA2CmF",
            "mangledName": "$s16AromaTrackingSDK7ATErrorO18noAttributionTokenyA2CmF",
            "moduleName": "AromaTrackingSDK",
            "declAttributes": [
              "RawDocComment"
            ]
          },
          {
            "kind": "Var",
            "name": "noAttributionTokenStored",
            "printedName": "noAttributionTokenStored",
            "children": [
              {
                "kind": "TypeFunc",
                "name": "Function",
                "printedName": "(AromaTrackingSDK.ATError.Type) -> AromaTrackingSDK.ATError",
                "children": [
                  {
                    "kind": "TypeNominal",
                    "name": "ATError",
                    "printedName": "AromaTrackingSDK.ATError",
                    "usr": "s:16AromaTrackingSDK7ATErrorO"
                  },
                  {
                    "kind": "TypeNominal",
                    "name": "Metatype",
                    "printedName": "AromaTrackingSDK.ATError.Type",
                    "children": [
                      {
                        "kind": "TypeNominal",
                        "name": "ATError",
                        "printedName": "AromaTrackingSDK.ATError",
                        "usr": "s:16AromaTrackingSDK7ATErrorO"
                      }
                    ]
                  }
                ]
              }
            ],
            "declKind": "EnumElement",
            "usr": "s:16AromaTrackingSDK7ATErrorO24noAttributionTokenStoredyA2CmF",
            "mangledName": "$s16AromaTrackingSDK7ATErrorO24noAttributionTokenStoredyA2CmF",
            "moduleName": "AromaTrackingSDK",
            "declAttributes": [
              "RawDocComment"
            ]
          },
          {
            "kind": "Var",
            "name": "noURLProvided",
            "printedName": "noURLProvided",
            "children": [
              {
                "kind": "TypeFunc",
                "name": "Function",
                "printedName": "(AromaTrackingSDK.ATError.Type) -> AromaTrackingSDK.ATError",
                "children": [
                  {
                    "kind": "TypeNominal",
                    "name": "ATError",
                    "printedName": "AromaTrackingSDK.ATError",
                    "usr": "s:16AromaTrackingSDK7ATErrorO"
                  },
                  {
                    "kind": "TypeNominal",
                    "name": "Metatype",
                    "printedName": "AromaTrackingSDK.ATError.Type",
                    "children": [
                      {
                        "kind": "TypeNominal",
                        "name": "ATError",
                        "printedName": "AromaTrackingSDK.ATError",
                        "usr": "s:16AromaTrackingSDK7ATErrorO"
                      }
                    ]
                  }
                ]
              }
            ],
            "declKind": "EnumElement",
            "usr": "s:16AromaTrackingSDK7ATErrorO13noURLProvidedyA2CmF",
            "mangledName": "$s16AromaTrackingSDK7ATErrorO13noURLProvidedyA2CmF",
            "moduleName": "AromaTrackingSDK",
            "declAttributes": [
              "RawDocComment"
            ]
          },
          {
            "kind": "Var",
            "name": "apiNoResponse",
            "printedName": "apiNoResponse",
            "children": [
              {
                "kind": "TypeFunc",
                "name": "Function",
                "printedName": "(AromaTrackingSDK.ATError.Type) -> AromaTrackingSDK.ATError",
                "children": [
                  {
                    "kind": "TypeNominal",
                    "name": "ATError",
                    "printedName": "AromaTrackingSDK.ATError",
                    "usr": "s:16AromaTrackingSDK7ATErrorO"
                  },
                  {
                    "kind": "TypeNominal",
                    "name": "Metatype",
                    "printedName": "AromaTrackingSDK.ATError.Type",
                    "children": [
                      {
                        "kind": "TypeNominal",
                        "name": "ATError",
                        "printedName": "AromaTrackingSDK.ATError",
                        "usr": "s:16AromaTrackingSDK7ATErrorO"
                      }
                    ]
                  }
                ]
              }
            ],
            "declKind": "EnumElement",
            "usr": "s:16AromaTrackingSDK7ATErrorO13apiNoResponseyA2CmF",
            "mangledName": "$s16AromaTrackingSDK7ATErrorO13apiNoResponseyA2CmF",
            "moduleName": "AromaTrackingSDK",
            "declAttributes": [
              "RawDocComment"
            ]
          },
          {
            "kind": "Var",
            "name": "api",
            "printedName": "api",
            "children": [
              {
                "kind": "TypeFunc",
                "name": "Function",
                "printedName": "(AromaTrackingSDK.ATError.Type) -> (Swift.String) -> AromaTrackingSDK.ATError",
                "children": [
                  {
                    "kind": "TypeFunc",
                    "name": "Function",
                    "printedName": "(Swift.String) -> AromaTrackingSDK.ATError",
                    "children": [
                      {
                        "kind": "TypeNominal",
                        "name": "ATError",
                        "printedName": "AromaTrackingSDK.ATError",
                        "usr": "s:16AromaTrackingSDK7ATErrorO"
                      },
                      {
                        "kind": "TypeNominal",
                        "name": "Tuple",
                        "printedName": "(message: Swift.String)",
                        "children": [
                          {
                            "kind": "TypeNominal",
                            "name": "String",
                            "printedName": "Swift.String",
                            "usr": "s:SS"
                          }
                        ]
                      }
                    ]
                  },
                  {
                    "kind": "TypeNominal",
                    "name": "Metatype",
                    "printedName": "AromaTrackingSDK.ATError.Type",
                    "children": [
                      {
                        "kind": "TypeNominal",
                        "name": "ATError",
                        "printedName": "AromaTrackingSDK.ATError",
                        "usr": "s:16AromaTrackingSDK7ATErrorO"
                      }
                    ]
                  }
                ]
              }
            ],
            "declKind": "EnumElement",
            "usr": "s:16AromaTrackingSDK7ATErrorO3apiyACSS_tcACmF",
            "mangledName": "$s16AromaTrackingSDK7ATErrorO3apiyACSS_tcACmF",
            "moduleName": "AromaTrackingSDK",
            "declAttributes": [
              "RawDocComment"
            ]
          },
          {
            "kind": "Var",
            "name": "jsonDecoding",
            "printedName": "jsonDecoding",
            "children": [
              {
                "kind": "TypeFunc",
                "name": "Function",
                "printedName": "(AromaTrackingSDK.ATError.Type) -> (Swift.String) -> AromaTrackingSDK.ATError",
                "children": [
                  {
                    "kind": "TypeFunc",
                    "name": "Function",
                    "printedName": "(Swift.String) -> AromaTrackingSDK.ATError",
                    "children": [
                      {
                        "kind": "TypeNominal",
                        "name": "ATError",
                        "printedName": "AromaTrackingSDK.ATError",
                        "usr": "s:16AromaTrackingSDK7ATErrorO"
                      },
                      {
                        "kind": "TypeNominal",
                        "name": "Tuple",
                        "printedName": "(message: Swift.String)",
                        "children": [
                          {
                            "kind": "TypeNominal",
                            "name": "String",
                            "printedName": "Swift.String",
                            "usr": "s:SS"
                          }
                        ]
                      }
                    ]
                  },
                  {
                    "kind": "TypeNominal",
                    "name": "Metatype",
                    "printedName": "AromaTrackingSDK.ATError.Type",
                    "children": [
                      {
                        "kind": "TypeNominal",
                        "name": "ATError",
                        "printedName": "AromaTrackingSDK.ATError",
                        "usr": "s:16AromaTrackingSDK7ATErrorO"
                      }
                    ]
                  }
                ]
              }
            ],
            "declKind": "EnumElement",
            "usr": "s:16AromaTrackingSDK7ATErrorO12jsonDecodingyACSS_tcACmF",
            "mangledName": "$s16AromaTrackingSDK7ATErrorO12jsonDecodingyACSS_tcACmF",
            "moduleName": "AromaTrackingSDK",
            "declAttributes": [
              "RawDocComment"
            ]
          },
          {
            "kind": "Var",
            "name": "noReceiptURL",
            "printedName": "noReceiptURL",
            "children": [
              {
                "kind": "TypeFunc",
                "name": "Function",
                "printedName": "(AromaTrackingSDK.ATError.Type) -> AromaTrackingSDK.ATError",
                "children": [
                  {
                    "kind": "TypeNominal",
                    "name": "ATError",
                    "printedName": "AromaTrackingSDK.ATError",
                    "usr": "s:16AromaTrackingSDK7ATErrorO"
                  },
                  {
                    "kind": "TypeNominal",
                    "name": "Metatype",
                    "printedName": "AromaTrackingSDK.ATError.Type",
                    "children": [
                      {
                        "kind": "TypeNominal",
                        "name": "ATError",
                        "printedName": "AromaTrackingSDK.ATError",
                        "usr": "s:16AromaTrackingSDK7ATErrorO"
                      }
                    ]
                  }
                ]
              }
            ],
            "declKind": "EnumElement",
            "usr": "s:16AromaTrackingSDK7ATErrorO12noReceiptURLyA2CmF",
            "mangledName": "$s16AromaTrackingSDK7ATErrorO12noReceiptURLyA2CmF",
            "moduleName": "AromaTrackingSDK",
            "declAttributes": [
              "RawDocComment"
            ]
          },
          {
            "kind": "Var",
            "name": "noReceiptData",
            "printedName": "noReceiptData",
            "children": [
              {
                "kind": "TypeFunc",
                "name": "Function",
                "printedName": "(AromaTrackingSDK.ATError.Type) -> (Swift.String) -> AromaTrackingSDK.ATError",
                "children": [
                  {
                    "kind": "TypeFunc",
                    "name": "Function",
                    "printedName": "(Swift.String) -> AromaTrackingSDK.ATError",
                    "children": [
                      {
                        "kind": "TypeNominal",
                        "name": "ATError",
                        "printedName": "AromaTrackingSDK.ATError",
                        "usr": "s:16AromaTrackingSDK7ATErrorO"
                      },
                      {
                        "kind": "TypeNominal",
                        "name": "Tuple",
                        "printedName": "(message: Swift.String)",
                        "children": [
                          {
                            "kind": "TypeNominal",
                            "name": "String",
                            "printedName": "Swift.String",
                            "usr": "s:SS"
                          }
                        ]
                      }
                    ]
                  },
                  {
                    "kind": "TypeNominal",
                    "name": "Metatype",
                    "printedName": "AromaTrackingSDK.ATError.Type",
                    "children": [
                      {
                        "kind": "TypeNominal",
                        "name": "ATError",
                        "printedName": "AromaTrackingSDK.ATError",
                        "usr": "s:16AromaTrackingSDK7ATErrorO"
                      }
                    ]
                  }
                ]
              }
            ],
            "declKind": "EnumElement",
            "usr": "s:16AromaTrackingSDK7ATErrorO13noReceiptDatayACSS_tcACmF",
            "mangledName": "$s16AromaTrackingSDK7ATErrorO13noReceiptDatayACSS_tcACmF",
            "moduleName": "AromaTrackingSDK",
            "declAttributes": [
              "RawDocComment"
            ]
          }
        ],
        "declKind": "Enum",
        "usr": "s:16AromaTrackingSDK7ATErrorO",
        "mangledName": "$s16AromaTrackingSDK7ATErrorO",
        "moduleName": "AromaTrackingSDK",
        "declAttributes": [
          "AccessControl"
        ],
        "conformances": [
          {
            "kind": "Conformance",
            "name": "Copyable",
            "printedName": "Copyable",
            "usr": "s:s8CopyableP",
            "mangledName": "$ss8CopyableP"
          },
          {
            "kind": "Conformance",
            "name": "Escapable",
            "printedName": "Escapable",
            "usr": "s:s9EscapableP",
            "mangledName": "$ss9EscapableP"
          },
          {
            "kind": "Conformance",
            "name": "Error",
            "printedName": "Error",
            "usr": "s:s5ErrorP",
            "mangledName": "$ss5ErrorP"
          },
          {
            "kind": "Conformance",
            "name": "Sendable",
            "printedName": "Sendable",
            "usr": "s:s8SendableP",
            "mangledName": "$ss8SendableP"
          }
        ]
      },
      {
        "kind": "Import",
        "name": "OSLog",
        "printedName": "OSLog",
        "declKind": "Import",
        "moduleName": "AromaTrackingSDK",
        "declAttributes": [
          "RawDocComment"
        ]
      },
      {
        "kind": "Import",
        "name": "Foundation",
        "printedName": "Foundation",
        "declKind": "Import",
        "moduleName": "AromaTrackingSDK",
        "declAttributes": [
          "RawDocComment"
        ]
      },
      {
        "kind": "Import",
        "name": "Foundation",
        "printedName": "Foundation",
        "declKind": "Import",
        "moduleName": "AromaTrackingSDK",
        "declAttributes": [
          "RawDocComment"
        ]
      },
      {
        "kind": "Import",
        "name": "OSLog",
        "printedName": "OSLog",
        "declKind": "Import",
        "moduleName": "AromaTrackingSDK"
      },
      {
        "kind": "Import",
        "name": "Foundation",
        "printedName": "Foundation",
        "declKind": "Import",
        "moduleName": "AromaTrackingSDK",
        "declAttributes": [
          "RawDocComment"
        ]
      },
      {
        "kind": "TypeDecl",
        "name": "ATAttributionTokenData",
        "printedName": "ATAttributionTokenData",
        "children": [
          {
            "kind": "Constructor",
            "name": "init",
            "printedName": "init(from:)",
            "children": [
              {
                "kind": "TypeNominal",
                "name": "ATAttributionTokenData",
                "printedName": "AromaTrackingSDK.ATAttributionTokenData",
                "usr": "s:16AromaTrackingSDK22ATAttributionTokenDataV"
              },
              {
                "kind": "TypeNominal",
                "name": "Decoder",
                "printedName": "any Swift.Decoder",
                "usr": "s:s7DecoderP"
              }
            ],
            "declKind": "Constructor",
            "usr": "s:16AromaTrackingSDK22ATAttributionTokenDataV4fromACs7Decoder_p_tKcfc",
            "mangledName": "$s16AromaTrackingSDK22ATAttributionTokenDataV4fromACs7Decoder_p_tKcfc",
            "moduleName": "AromaTrackingSDK",
            "implicit": true,
            "throwing": true,
            "init_kind": "Designated"
          },
          {
            "kind": "Function",
            "name": "encode",
            "printedName": "encode(to:)",
            "children": [
              {
                "kind": "TypeNominal",
                "name": "Void",
                "printedName": "()"
              },
              {
                "kind": "TypeNominal",
                "name": "Encoder",
                "printedName": "any Swift.Encoder",
                "usr": "s:s7EncoderP"
              }
            ],
            "declKind": "Func",
            "usr": "s:16AromaTrackingSDK22ATAttributionTokenDataV6encode2toys7Encoder_p_tKF",
            "mangledName": "$s16AromaTrackingSDK22ATAttributionTokenDataV6encode2toys7Encoder_p_tKF",
            "moduleName": "AromaTrackingSDK",
            "implicit": true,
            "throwing": true,
            "funcSelfKind": "NonMutating"
          }
        ],
        "declKind": "Struct",
        "usr": "s:16AromaTrackingSDK22ATAttributionTokenDataV",
        "mangledName": "$s16AromaTrackingSDK22ATAttributionTokenDataV",
        "moduleName": "AromaTrackingSDK",
        "declAttributes": [
          "AccessControl"
        ],
        "conformances": [
          {
            "kind": "Conformance",
            "name": "Copyable",
            "printedName": "Copyable",
            "usr": "s:s8CopyableP",
            "mangledName": "$ss8CopyableP"
          },
          {
            "kind": "Conformance",
            "name": "Escapable",
            "printedName": "Escapable",
            "usr": "s:s9EscapableP",
            "mangledName": "$ss9EscapableP"
          },
          {
            "kind": "Conformance",
            "name": "Decodable",
            "printedName": "Decodable",
            "usr": "s:Se",
            "mangledName": "$sSe"
          },
          {
            "kind": "Conformance",
            "name": "Encodable",
            "printedName": "Encodable",
            "usr": "s:SE",
            "mangledName": "$sSE"
          }
        ]
      },
      {
        "kind": "Import",
        "name": "Foundation",
        "printedName": "Foundation",
        "declKind": "Import",
        "moduleName": "AromaTrackingSDK",
        "declAttributes": [
          "RawDocComment"
        ]
      },
      {
        "kind": "Import",
        "name": "Foundation",
        "printedName": "Foundation",
        "declKind": "Import",
        "moduleName": "AromaTrackingSDK",
        "declAttributes": [
          "RawDocComment"
        ]
      },
      {
        "kind": "Import",
        "name": "AdServices",
        "printedName": "AdServices",
        "declKind": "Import",
        "moduleName": "AromaTrackingSDK",
        "declAttributes": [
          "RawDocComment"
        ]
      },
      {
        "kind": "Import",
        "name": "Foundation",
        "printedName": "Foundation",
        "declKind": "Import",
        "moduleName": "AromaTrackingSDK"
      },
      {
        "kind": "Import",
        "name": "OSLog",
        "printedName": "OSLog",
        "declKind": "Import",
        "moduleName": "AromaTrackingSDK"
      },
      {
        "kind": "TypeDecl",
        "name": "AromaTracking",
        "printedName": "AromaTracking",
        "children": [
          {
            "kind": "Constructor",
            "name": "init",
            "printedName": "init(url:accessKey:idfa:)",
            "children": [
              {
                "kind": "TypeNominal",
                "name": "AromaTracking",
                "printedName": "AromaTrackingSDK.AromaTracking",
                "usr": "s:16AromaTrackingSDK0aB0C"
              },
              {
                "kind": "TypeNominal",
                "name": "String",
                "printedName": "Swift.String",
                "usr": "s:SS"
              },
              {
                "kind": "TypeNominal",
                "name": "String",
                "printedName": "Swift.String",
                "usr": "s:SS"
              },
              {
                "kind": "TypeNominal",
                "name": "Optional",
                "printedName": "Swift.String?",
                "children": [
                  {
                    "kind": "TypeNominal",
                    "name": "String",
                    "printedName": "Swift.String",
                    "usr": "s:SS"
                  }
                ],
                "usr": "s:Sq"
              }
            ],
            "declKind": "Constructor",
            "usr": "s:16AromaTrackingSDK0aB0C3url9accessKey4idfaACSS_S2SSgtcfc",
            "mangledName": "$s16AromaTrackingSDK0aB0C3url9accessKey4idfaACSS_S2SSgtcfc",
            "moduleName": "AromaTrackingSDK",
            "declAttributes": [
              "AccessControl",
              "RawDocComment"
            ],
            "init_kind": "Designated"
          },
          {
            "kind": "Function",
            "name": "requestAttributionToken",
            "printedName": "requestAttributionToken()",
            "children": [
              {
                "kind": "TypeNominal",
                "name": "Optional",
                "printedName": "AromaTrackingSDK.ATAttributionTokenData?",
                "children": [
                  {
                    "kind": "TypeNominal",
                    "name": "ATAttributionTokenData",
                    "printedName": "AromaTrackingSDK.ATAttributionTokenData",
                    "usr": "s:16AromaTrackingSDK22ATAttributionTokenDataV"
                  }
                ],
                "usr": "s:Sq"
              }
            ],
            "declKind": "Func",
            "usr": "s:16AromaTrackingSDK0aB0C23requestAttributionTokenAA013ATAttributionF4DataVSgyYaKF",
            "mangledName": "$s16AromaTrackingSDK0aB0C23requestAttributionTokenAA013ATAttributionF4DataVSgyYaKF",
            "moduleName": "AromaTrackingSDK",
            "declAttributes": [
              "AccessControl",
              "RawDocComment"
            ],
            "throwing": true,
            "funcSelfKind": "NonMutating"
          },
          {
            "kind": "Function",
            "name": "sendCustomEvent",
            "printedName": "sendCustomEvent(name:attachReceipt:)",
            "children": [
              {
                "kind": "TypeNominal",
                "name": "Bool",
                "printedName": "Swift.Bool",
                "usr": "s:Sb"
              },
              {
                "kind": "TypeNominal",
                "name": "String",
                "printedName": "Swift.String",
                "usr": "s:SS"
              },
              {
                "kind": "TypeNominal",
                "name": "Bool",
                "printedName": "Swift.Bool",
                "hasDefaultArg": true,
                "usr": "s:Sb"
              }
            ],
            "declKind": "Func",
            "usr": "s:16AromaTrackingSDK0aB0C15sendCustomEvent4name13attachReceiptSbSS_SbtYaKF",
            "mangledName": "$s16AromaTrackingSDK0aB0C15sendCustomEvent4name13attachReceiptSbSS_SbtYaKF",
            "moduleName": "AromaTrackingSDK",
            "declAttributes": [
              "AccessControl",
              "RawDocComment"
            ],
            "throwing": true,
            "funcSelfKind": "NonMutating"
          },
          {
            "kind": "Function",
            "name": "sendReceipt",
            "printedName": "sendReceipt()",
            "children": [
              {
                "kind": "TypeNominal",
                "name": "Bool",
                "printedName": "Swift.Bool",
                "usr": "s:Sb"
              }
            ],
            "declKind": "Func",
            "usr": "s:16AromaTrackingSDK0aB0C11sendReceiptSbyYaKF",
            "mangledName": "$s16AromaTrackingSDK0aB0C11sendReceiptSbyYaKF",
            "moduleName": "AromaTrackingSDK",
            "declAttributes": [
              "AccessControl",
              "RawDocComment"
            ],
            "throwing": true,
            "funcSelfKind": "NonMutating"
          }
        ],
        "declKind": "Class",
        "usr": "s:16AromaTrackingSDK0aB0C",
        "mangledName": "$s16AromaTrackingSDK0aB0C",
        "moduleName": "AromaTrackingSDK",
        "declAttributes": [
          "AccessControl"
        ],
        "conformances": [
          {
            "kind": "Conformance",
            "name": "Copyable",
            "printedName": "Copyable",
            "usr": "s:s8CopyableP",
            "mangledName": "$ss8CopyableP"
          },
          {
            "kind": "Conformance",
            "name": "Escapable",
            "printedName": "Escapable",
            "usr": "s:s9EscapableP",
            "mangledName": "$ss9EscapableP"
          }
        ]
      },
      {
        "kind": "Import",
        "name": "Foundation",
        "printedName": "Foundation",
        "declKind": "Import",
        "moduleName": "AromaTrackingSDK",
        "declAttributes": [
          "RawDocComment"
        ]
      }
    ],
    "json_format_version": 8
  },
  "ConstValues": [
    {
      "filePath": "\/Users\/pjc\/Developer\/Swift\/AromaTracking\/AromaTrackingSDK\/AromaTrackingSDK\/Extensions\/OSLog.swift",
      "kind": "StringLiteral",
      "offset": 160,
      "length": 15,
      "value": "\"AromaTracking\""
    },
    {
      "filePath": "\/Users\/pjc\/Developer\/Swift\/AromaTracking\/AromaTrackingSDK\/AromaTrackingSDK\/Extensions\/OSLog.swift",
      "kind": "StringLiteral",
      "offset": 249,
      "length": 19,
      "value": "\"Attribution Token\""
    },
    {
      "filePath": "\/Users\/pjc\/Developer\/Swift\/AromaTracking\/AromaTrackingSDK\/AromaTrackingSDK\/Extensions\/OSLog.swift",
      "kind": "StringLiteral",
      "offset": 333,
      "length": 9,
      "value": "\"Network\""
    },
    {
      "filePath": "\/Users\/pjc\/Developer\/Swift\/AromaTracking\/AromaTrackingSDK\/AromaTrackingSDK\/Extensions\/OSLog.swift",
      "kind": "StringLiteral",
      "offset": 412,
      "length": 15,
      "value": "\"Custom Events\""
    },
    {
      "filePath": "\/Users\/pjc\/Developer\/Swift\/AromaTracking\/AromaTrackingSDK\/AromaTrackingSDK\/Extensions\/OSLog.swift",
      "kind": "StringLiteral",
      "offset": 492,
      "length": 9,
      "value": "\"Receipt\""
    },
    {
      "filePath": "\/Users\/pjc\/Developer\/Swift\/AromaTracking\/AromaTrackingSDK\/AromaTrackingSDK\/ATStorage.swift",
      "kind": "StringLiteral",
      "offset": 215,
      "length": 34,
      "value": "\"aroma_tracking_attribution_token\""
    },
    {
      "filePath": "\/Users\/pjc\/Developer\/Swift\/AromaTracking\/AromaTrackingSDK\/AromaTrackingSDK\/AromaTracking.swift",
      "kind": "BooleanLiteral",
      "offset": 3154,
      "length": 5,
      "value": "false"
    }
  ]
}